<?xml version="1.0" encoding="UTF-8"?>
<!DOCTYPE struts PUBLIC "-//Apache Software Foundation//DTD Struts Configuration 2.1//EN"
 "http://struts.apache.org/dtds/struts-2.1.dtd">
<struts>
<constant name="struts.devMode" value="true"/>
<package name="serverManagement" extends="struts-default">
<interceptors>
            <interceptor name="mylogging" class="com.spice.server.interceptor.SessInter">
            </interceptor>
            <interceptor-stack name="loggingStack">
                <interceptor-ref name="mylogging"/>
                <interceptor-ref name="defaultStack" />
            </interceptor-stack>
 </interceptors>
<default-interceptor-ref name="loggingStack"/>
<global-results>
    <result name="sessionexpired">../jsp/redirect.jsp</result>
</global-results>

<action name="AddServer" class="com.spice.server.action.ServerAction" method="execute">
	<interceptor-ref name="loggingStack"></interceptor-ref>
	<result name="success" type="chain">addserver</result>
	<result name="input">../jsp/index.jsp</result> 
</action> 
<action name="addserver" class="com.spice.server.action.ServerAction" method="execute">
	 <interceptor-ref name="loggingStack"></interceptor-ref>
	<result name="success">../jsp/index.jsp</result>
	<result name="fail">../jsp/fail.jsp</result> 
</action> 

<action name="serverManagement" class="com.spice.server.action.ServerAction" method="addServer">
	<interceptor-ref name="loggingStack"></interceptor-ref>
	<result name="success">../jsp/success.jsp</result>
	<result name="fail">../jsp/fail.jsp</result> 
</action> 
 
 <action name="serverSuccess" class="com.spice.server.action.TestAction">
	<interceptor-ref name="loggingStack"></interceptor-ref>
	<result name="success">../jsp/finish.jsp</result>
	<result name="fail">../jsp/fail.jsp</result> 
</action>
 
 <!-- AddServer more actions can be listed here --> 
</package> 
<!-- more packages can be listed here -->
</struts>