<?xml version="1.0" encoding="UTF-8"?>
<!DOCTYPE hibernate-configuration PUBLIC
	"-//Hibernate/Hibernate Configuration DTD 3.0//EN"
	"http://hibernate.sourceforge.net/hibernate-configuration-3.0.dtd">
<hibernate-configuration>
	<session-factory>
		<property name="connection.driver_class">org.mariadb.jdbc.Driver</property>
		<property name="connection.url">jdbc:mysql://localhost:3306/taccounting</property>
		<property name="connection.username">root</property>
		<property name="connection.password">rnd</property>
		
		<property name="dialect">org.hibernate.dialect.MySQLDialect</property>
		<property name="show_sql">true</property>
		<property name="hbm2ddl.auto">update</property>
		<!-- <property name="hbm2ddl.auto">create</property> -->
	    <mapping class="com.ta.hibernate.Voucher"/>
	    <mapping class="com.ta.hibernate.VoucherType"/>
	    <mapping class="com.ta.hibernate.AccountDetails"/>
	    <mapping class="com.ta.hibernate.AccountTypeDetails"/>
	    <mapping class="com.ta.hibernate.EntrySet"/>
	    <mapping class="com.ta.hibernate.EntryTypeDetails"/>
	    <mapping class="com.ta.hibernate.UserPermissions"/>
	    <mapping class="com.ta.hibernate.PermissionDetails"/>
	    <mapping class="com.ta.hibernate.Login"/>	    
	    
       </session-factory>
</hibernate-configuration>