<?xml version="1.0" encoding="UTF-8"?>
<!DOCTYPE struts PUBLIC "-//Apache Software Foundation//DTD Struts Configuration 2.1//EN"
 "http://struts.apache.org/dtds/struts-2.1.dtd">
<struts>

	<constant name="struts.devMode" value="true" />
	<package name="devender" extends="struts-default">
		<!-- <interceptors>
			<interceptor name="abc" class="com.MyInterceptor"></interceptor>
		</interceptors> -->
		<action name="login" class="com.ta.Actions.LoginAction">
           	<!--  <result name="success" type="chain">fetechVoucher</result>-->
           	 <result name="fail" >/Login.jsp</result> 
           	 <result name="success">/jsp/Home.jsp</result>
        </action>
		<action name="createVoucherType" class="com.ta.Actions.VoucherActions" method="createVoucherType">
			<!-- <interceptor-ref name="abc"></interceptor-ref> -->
			<result name="success">/welcome.jsp</result>
			<result name="fail">jsp/bye.jsp</result>
		</action>
		<action name="saveVoucher" class="com.ta.Actions.VoucherActions" method="saveVoucher">
			<!-- <interceptor-ref name="abc"></interceptor-ref> -->
			<result name="success">jsp/displayVouchers.jsp</result>
			<result name="fail">jsp/bye.jsp</result>
			<result name="input">/index.jsp</result>
			
		</action>
		<action name="createAccountAction" class="com.ta.Actions.AccountActions" method="createAccount">
			<result name="success">/jsp/createAccountForm.jsp</result>
			<result name="fail">/error.jsp</result>
		</action>
		
		<action name="createAccount" class="com.ta.Actions.createAccountAction" method="createAccount">
			<result name="success">/jsp/Home.jsp</result>
			<result name="input">/jsp/createAccountForm.jsp</result>
			<result name="fail">/error.jsp</result>
		</action>
		
		<action name="saveAccount" class="com.ta.Actions.AccountActions" method="saveAccount">
			<!-- <interceptor-ref name="abc"></interceptor-ref> -->
			
			<result name="success">/index.jsp</result>
			<result name="fail">/error.jsp</result>
		</action>
		<action name="getVoucherDetails" class="com.ta.Actions.VoucherActions" method="getVoucherDetails">
			<result name="success">/jsp/showVoucher.jsp</result>
		</action>
		<action name="TAccounting" class="com.ta.Actions.VoucherDetailAction">
			<result name="success">/welcome.jsp</result>
		</action>
		<action name="displayVouchers" class="com.ta.Actions.VoucherActions" method="displayVouchers">
			<result name="success">/jsp/displayVouchers.jsp</result>
		</action>
		<action name="createVoucher" class="com.ta.Actions.VoucherActions" method="createVoucherForm">
			<result name="success">/jsp/createVoucherForm.jsp</result>
		</action>
		
	</package>
</struts>